id;market_id;runner_id;available;back;lay;market_name;matched;runner_name;total_available;total_matched
31115059;1.192317396;58805;670.09;3.65;3.7;MATCH_ODDS;3242.26;Pareggio;176494.93270553;226904.58
31115060;1.192317026;58805;2570.25;3.4;3.45;MATCH_ODDS;1987.47;Pareggio;125167.018468217;89758.25
